subset_id,k,rep,classifier,scores,roc_auc
k1_r0,1,0,Likelihood Ratio,UPDRS1,0.8845905607099638
k1_r1,1,1,Likelihood Ratio,AXSC_on,0.7929003630496168
k1_r2,1,2,Likelihood Ratio,HY_off,0.7398547801532877
k1_r3,1,3,Likelihood Ratio,VFT_sem_sum,0.6288422751109318
k1_r4,1,4,Likelihood Ratio,VFT_sem_sum,0.6288422751109318
k1_r5,1,5,Likelihood Ratio,PIGD_on,0.8601855586930215
k1_r6,1,6,Likelihood Ratio,UPDRS1,0.8845905607099638
k1_r7,1,7,Likelihood Ratio,HY_on,0.6950786607503026
k1_r8,1,8,Likelihood Ratio,MOCA,0.7137555465913675
k1_r9,1,9,Likelihood Ratio,UPDRS1,0.8845905607099638
k1_r10,1,10,Likelihood Ratio,JLO,0.636466317063332
k1_r11,1,11,Likelihood Ratio,LEDD,0.6799919322307382
k1_r12,1,12,Likelihood Ratio,AXSC_off,0.7828156514723679
k1_r13,1,13,Likelihood Ratio,AXSC_on,0.7929003630496168
k1_r14,1,14,Likelihood Ratio,HY_on,0.6950786607503026
k1_r15,1,15,Likelihood Ratio,AXSC_on,0.7929003630496168
k1_r16,1,16,Likelihood Ratio,HVLT_IR,0.6575231948366277
k1_r17,1,17,Likelihood Ratio,UPDRS2,0.890802743041549
k1_r18,1,18,Likelihood Ratio,PIGD_off,0.8263816054860831
k1_r19,1,19,Likelihood Ratio,HVLT_DR,0.5831383622428398
k1_r20,1,20,Likelihood Ratio,HVLT_IR,0.6575231948366277
k1_r21,1,21,Likelihood Ratio,VFT_phon_f,0.6454618797902381
k1_r22,1,22,Likelihood Ratio,UPDRS4,0.645502218636547
k1_r23,1,23,Likelihood Ratio,GDS,0.7007260992335619
k1_r24,1,24,Likelihood Ratio,AXSC_on,0.7929003630496168
k1_r25,1,25,Likelihood Ratio,HY_off,0.7398547801532877
k1_r26,1,26,Likelihood Ratio,VFT_sem_sum,0.6288422751109318
k1_r27,1,27,Likelihood Ratio,PIGD_off,0.8263816054860831
k1_r28,1,28,Likelihood Ratio,JLO,0.636466317063332
k1_r29,1,29,Likelihood Ratio,HVLT_DR,0.5831383622428398
k1_r30,1,30,Likelihood Ratio,HVLT_DR,0.5831383622428398
k1_r31,1,31,Likelihood Ratio,MOCA,0.7137555465913675
k1_r32,1,32,Likelihood Ratio,UPDRS1,0.8845905607099638
k1_r33,1,33,Likelihood Ratio,JLO,0.636466317063332
k1_r34,1,34,Likelihood Ratio,ESS,0.709439290036305
k1_r35,1,35,Likelihood Ratio,UPDRS3_on,0.7413876563130294
k1_r36,1,36,Likelihood Ratio,PIGD_on,0.8601855586930215
k1_r37,1,37,Likelihood Ratio,PIGD_off,0.8263816054860831
k1_r38,1,38,Likelihood Ratio,SCOPA,0.8107704719645018
k1_r39,1,39,Likelihood Ratio,SEADL,0.8649052037111737
k1_r40,1,40,Likelihood Ratio,UPDRS4,0.645502218636547
k1_r41,1,41,Likelihood Ratio,AXSC_off,0.7828156514723679
k1_r42,1,42,Likelihood Ratio,HY_on,0.6950786607503026
k1_r43,1,43,Likelihood Ratio,LNS,0.6767244856797096
k1_r44,1,44,Likelihood Ratio,UPDRS3_on,0.7413876563130294
k1_r45,1,45,Likelihood Ratio,LEDD,0.6799919322307382
k1_r46,1,46,Likelihood Ratio,HVLT_DR,0.5831383622428398
k1_r47,1,47,Likelihood Ratio,ESS,0.709439290036305
k1_r48,1,48,Likelihood Ratio,HY_off,0.7398547801532877
k1_r49,1,49,Likelihood Ratio,AXSC_on,0.7929003630496168
k2_r0,2,0,Likelihood Ratio,"UPDRS4,AXSC_off",0.7802339653085922
k2_r1,2,1,Likelihood Ratio,"HVLT_IR,HVLT_DR",0.6464300121016539
k2_r2,2,2,Likelihood Ratio,"JLO,UPDRS2",0.8929810407422347
k2_r3,2,3,Likelihood Ratio,"HY_off,GDS",0.772892295280355
k2_r4,2,4,Likelihood Ratio,"LEDD,LNS",0.7412263009277935
k2_r5,2,5,Likelihood Ratio,"ESS,RBDScr",0.699717628075837
k2_r6,2,6,Likelihood Ratio,"UPDRS3_on,HVLT_DR",0.7216619604679307
k2_r7,2,7,Likelihood Ratio,"HVLT_DR,UPDRS4",0.6684953610326745
k2_r8,2,8,Likelihood Ratio,"HVLT_DR,HY_off",0.7290439693424767
k2_r9,2,9,Likelihood Ratio,"MOCA,SDM",0.7510286405808793
k2_r10,2,10,Likelihood Ratio,"VFT_sem_sum,ESS",0.7209762000806776
k2_r11,2,11,Likelihood Ratio,"AXSC_on,SEADL",0.8736587333602259
k2_r12,2,12,Likelihood Ratio,"UPDRS1,RBDScr",0.8755949979830577
k2_r13,2,13,Likelihood Ratio,"AXSC_on,VFT_sem_sum",0.8007260992335619
k2_r14,2,14,Likelihood Ratio,"PIGD_off,VFT_phon_f",0.8183945139169019
k2_r15,2,15,Likelihood Ratio,"SCOPA,MOCA",0.8288019362646228
k2_r16,2,16,Likelihood Ratio,"SEADL,UPDRS2",0.909035901573215
k2_r17,2,17,Likelihood Ratio,"PIGD_off,UPDRS4",0.8096409842678499
k2_r18,2,18,Likelihood Ratio,"AXSC_on,LEDD",0.8021782977006857
k2_r19,2,19,Likelihood Ratio,"SEADL,HVLT_DR",0.8534086325131102
k2_r20,2,20,Likelihood Ratio,"SCOPA,AXSC_on",0.8492940701895926
k2_r21,2,21,Likelihood Ratio,"HVLT_DR,HVLT_IR",0.6464300121016539
k2_r22,2,22,Likelihood Ratio,"UPDRS2,UPDRS3_off",0.8933844292053248
k2_r23,2,23,Likelihood Ratio,"UPDRS1,VFT_sem_sum",0.8789027833803953
k2_r24,2,24,Likelihood Ratio,"SEADL,HVLT_DR",0.8534086325131102
k2_r25,2,25,Likelihood Ratio,"JLO,UPDRS3_on",0.7468334005647439
k2_r26,2,26,Likelihood Ratio,"JLO,SEADL",0.8618394513916902
k2_r27,2,27,Likelihood Ratio,"JLO,UPDRS1",0.8792658329971763
k2_r28,2,28,Likelihood Ratio,"AXSC_on,RBDScr",0.790157321500605
k2_r29,2,29,Likelihood Ratio,"LNS,UPDRS3_off",0.8073820088745461
k2_r30,2,30,Likelihood Ratio,"MOCA,GDS",0.7574021782977007
k2_r31,2,31,Likelihood Ratio,"VFT_phon_f,LEDD",0.7152884227511094
k2_r32,2,32,Likelihood Ratio,"UPDRS3_off,MOCA",0.827511093182735
k2_r33,2,33,Likelihood Ratio,"PIGD_on,UPDRS3_on",0.8467527228721259
k2_r34,2,34,Likelihood Ratio,"RBDScr,ESS",0.699717628075837
k2_r35,2,35,Likelihood Ratio,"SEADL,UPDRS2",0.909035901573215
k2_r36,2,36,Likelihood Ratio,"HVLT_IR,AXSC_on",0.7947962888261396
k2_r37,2,37,Likelihood Ratio,"VFT_sem_sum,SEADL",0.8693424768051634
k2_r38,2,38,Likelihood Ratio,"PIGD_off,VFT_sem_sum",0.8243243243243243
k2_r39,2,39,Likelihood Ratio,"LNS,UPDRS4",0.7208551835417507
k2_r40,2,40,Likelihood Ratio,"UPDRS1,LEDD",0.8845905607099637
k2_r41,2,41,Likelihood Ratio,"LEDD,HY_on",0.7450181524808391
k2_r42,2,42,Likelihood Ratio,"HY_on,UPDRS4",0.7288019362646229
k2_r43,2,43,Likelihood Ratio,"GDS,HVLT_IR",0.7155304558289634
k2_r44,2,44,Likelihood Ratio,"HY_on,HVLT_DR",0.7054457442517144
k2_r45,2,45,Likelihood Ratio,"UPDRS4,VFT_sem_sum",0.6980637353771683
k2_r46,2,46,Likelihood Ratio,"MOCA,RBDScr",0.7444130697862041
k2_r47,2,47,Likelihood Ratio,"LEDD,SEADL",0.8624445340863252
k2_r48,2,48,Likelihood Ratio,"UPDRS1,GDS",0.8749092375958047
k2_r49,2,49,Likelihood Ratio,"UPDRS1,LNS",0.8889068172650263
k3_r0,3,0,Likelihood Ratio,"PIGD_on,LNS,HVLT_IR",0.8357402178297701
k3_r1,3,1,Likelihood Ratio,"LEDD,AXSC_off,SCOPA",0.844937474788221
k3_r2,3,2,Likelihood Ratio,"SCOPA,AXSC_on,HY_on",0.8402581686163777
k3_r3,3,3,Likelihood Ratio,"SCOPA,UPDRS1,UPDRS3_on",0.9083098023396531
k3_r4,3,4,Likelihood Ratio,"HY_on,VFT_sem_sum,UPDRS1",0.8879790237999193
k3_r5,3,5,Likelihood Ratio,"SDM,RBDScr,AXSC_on",0.8338442920532474
k3_r6,3,6,Likelihood Ratio,"PIGD_off,VFT_sem_sum,UPDRS3_off",0.846914078257362
k3_r7,3,7,Likelihood Ratio,"VFT_sem_sum,SEADL,HY_off",0.8764017749092375
k3_r8,3,8,Likelihood Ratio,"UPDRS2,UPDRS1,SDM",0.9226300927793465
k3_r9,3,9,Likelihood Ratio,"AXSC_off,UPDRS3_on,VFT_sem_sum",0.817749092375958
k3_r10,3,10,Likelihood Ratio,"LEDD,HVLT_DR,UPDRS4",0.7143606292860023
k3_r11,3,11,Likelihood Ratio,"UPDRS1,HY_off,UPDRS2",0.9157321500605082
k3_r12,3,12,Likelihood Ratio,"AXSC_off,UPDRS4,RBDScr",0.7841064945542559
k3_r13,3,13,Likelihood Ratio,"JLO,LNS,VFT_sem_sum",0.7107704719645018
k3_r14,3,14,Likelihood Ratio,"UPDRS3_off,SCOPA,UPDRS2",0.908793868495361
k3_r15,3,15,Likelihood Ratio,"GDS,AXSC_on,HVLT_DR",0.809681323114159
k3_r16,3,16,Likelihood Ratio,"HY_off,SCOPA,HVLT_DR",0.8263009277934651
k3_r17,3,17,Likelihood Ratio,"SDM,PIGD_on,UPDRS2",0.9180718031464301
k3_r18,3,18,Likelihood Ratio,"GDS,SCOPA,AXSC_off",0.8417910447761194
k3_r19,3,19,Likelihood Ratio,"PIGD_off,VFT_sem_sum,HVLT_DR",0.8130294473578057
k3_r20,3,20,Likelihood Ratio,"LNS,AXSC_on,UPDRS3_off",0.8521177894312222
k3_r21,3,21,Likelihood Ratio,"RBDScr,JLO,UPDRS2",0.8816861637757161
k3_r22,3,22,Likelihood Ratio,"HY_off,UPDRS1,SEADL",0.9119402985074627
k3_r23,3,23,Likelihood Ratio,"SEADL,HY_on,AXSC_off",0.8622025010084712
k3_r24,3,24,Likelihood Ratio,"RBDScr,UPDRS1,SEADL",0.9072206534893101
k3_r25,3,25,Likelihood Ratio,"UPDRS3_off,GDS,MOCA",0.8255344897135941
k3_r26,3,26,Likelihood Ratio,"LNS,HVLT_IR,RBDScr",0.7144816458249295
k3_r27,3,27,Likelihood Ratio,"RBDScr,GDS,AXSC_off",0.8024203307785398
k3_r28,3,28,Likelihood Ratio,"SDM,SEADL,SCOPA",0.8940298507462687
k3_r29,3,29,Likelihood Ratio,"GDS,LEDD,MOCA",0.7875352964905203
k3_r30,3,30,Likelihood Ratio,"HVLT_IR,RBDScr,UPDRS3_on",0.7722065348931022
k3_r31,3,31,Likelihood Ratio,"LEDD,UPDRS2,ESS",0.8878983461073013
k3_r32,3,32,Likelihood Ratio,"PIGD_on,AXSC_on,MOCA",0.8556272690601049
k3_r33,3,33,Likelihood Ratio,"RBDScr,GDS,HVLT_DR",0.70923759580476
k3_r34,3,34,Likelihood Ratio,"RBDScr,VFT_sem_sum,SEADL",0.8653489310205729
k3_r35,3,35,Likelihood Ratio,"AXSC_off,UPDRS1,HY_on",0.8961678096006455
k3_r36,3,36,Likelihood Ratio,"ESS,GDS,UPDRS3_off",0.8106091165792658
k3_r37,3,37,Likelihood Ratio,"UPDRS3_on,UPDRS1,PIGD_off",0.9050826946349335
k3_r38,3,38,Likelihood Ratio,"HY_on,VFT_phon_f,UPDRS4",0.7653489310205728
k3_r39,3,39,Likelihood Ratio,"UPDRS3_on,UPDRS4,PIGD_off",0.836264622831787
k3_r40,3,40,Likelihood Ratio,"AXSC_off,ESS,LNS",0.8284388866478419
k3_r41,3,41,Likelihood Ratio,"VFT_sem_sum,HVLT_DR,UPDRS2",0.890237999193223
k3_r42,3,42,Likelihood Ratio,"MOCA,SCOPA,UPDRS4",0.8382412263009278
k3_r43,3,43,Likelihood Ratio,"UPDRS2,GDS,SEADL",0.9054457442517143
k3_r44,3,44,Likelihood Ratio,"AXSC_on,PIGD_on,HY_off",0.8465510286405808
k3_r45,3,45,Likelihood Ratio,"LEDD,PIGD_off,UPDRS4",0.8088745461879789
k3_r46,3,46,Likelihood Ratio,"HY_on,PIGD_off,UPDRS3_on",0.8358612343686971
k3_r47,3,47,Likelihood Ratio,"JLO,GDS,UPDRS1",0.8681323114158935
k3_r48,3,48,Likelihood Ratio,"ESS,UPDRS2,RBDScr",0.872609923356192
k3_r49,3,49,Likelihood Ratio,"GDS,SEADL,RBDScr",0.845139169019766
k4_r0,4,0,Likelihood Ratio,"UPDRS3_off,PIGD_on,ESS,HVLT_DR",0.872650262202501
k4_r1,4,1,Likelihood Ratio,"AXSC_on,AXSC_off,UPDRS1,JLO",0.8936668011294877
k4_r2,4,2,Likelihood Ratio,"SDM,ESS,UPDRS2,UPDRS3_off",0.909035901573215
k4_r3,4,3,Likelihood Ratio,"VFT_phon_f,HY_on,HVLT_DR,SEADL",0.8590157321500607
k4_r4,4,4,Likelihood Ratio,"PIGD_off,SDM,SCOPA,UPDRS1",0.909035901573215
k4_r5,4,5,Likelihood Ratio,"MOCA,RBDScr,AXSC_on,HVLT_IR",0.809076240419524
k4_r6,4,6,Likelihood Ratio,"VFT_sem_sum,SCOPA,JLO,HY_off",0.8383219039935458
k4_r7,4,7,Likelihood Ratio,"UPDRS1,SEADL,VFT_phon_f,LEDD",0.9132311415893505
k4_r8,4,8,Likelihood Ratio,"HVLT_DR,MOCA,SCOPA,LEDD",0.8306978620411457
k4_r9,4,9,Likelihood Ratio,"LEDD,UPDRS1,ESS,HY_on",0.8882210568777733
k4_r10,4,10,Likelihood Ratio,"UPDRS4,PIGD_off,RBDScr,UPDRS2",0.8803953206938282
k4_r11,4,11,Likelihood Ratio,"PIGD_on,ESS,SDM,UPDRS2",0.9156514723678904
k4_r12,4,12,Likelihood Ratio,"UPDRS1,UPDRS2,HVLT_IR,VFT_sem_sum",0.9141992739007665
k4_r13,4,13,Likelihood Ratio,"PIGD_off,GDS,UPDRS4,UPDRS3_on",0.845139169019766
k4_r14,4,14,Likelihood Ratio,"AXSC_on,SEADL,HVLT_DR,VFT_phon_f",0.8754336425978216
k4_r15,4,15,Likelihood Ratio,"PIGD_on,HVLT_DR,HY_off,AXSC_on",0.844856797095603
k4_r16,4,16,Likelihood Ratio,"PIGD_on,UPDRS4,MOCA,VFT_sem_sum",0.8640177490923759
k4_r17,4,17,Likelihood Ratio,"PIGD_on,VFT_phon_f,RBDScr,HVLT_IR",0.8338846308995563
k4_r18,4,18,Likelihood Ratio,"HVLT_IR,UPDRS1,PIGD_on,PIGD_off",0.9061315046389673
k4_r19,4,19,Likelihood Ratio,"HY_on,VFT_phon_f,ESS,UPDRS3_on",0.8083098023396532
k4_r20,4,20,Likelihood Ratio,"HY_on,LEDD,MOCA,PIGD_off",0.8413069786204115
k4_r21,4,21,Likelihood Ratio,"SDM,HY_on,SEADL,LEDD",0.87269060104881
k4_r22,4,22,Likelihood Ratio,"AXSC_off,HVLT_IR,RBDScr,LEDD",0.8134328358208955
k4_r23,4,23,Likelihood Ratio,"AXSC_off,HY_on,VFT_sem_sum,VFT_phon_f",0.8231141589350545
k4_r24,4,24,Likelihood Ratio,"HVLT_DR,VFT_sem_sum,UPDRS2,UPDRS3_on",0.8930617184348528
k4_r25,4,25,Likelihood Ratio,"HVLT_IR,MOCA,LNS,RBDScr",0.7310609116579266
k4_r26,4,26,Likelihood Ratio,"UPDRS4,LNS,HY_on,VFT_phon_f",0.7862041145623235
k4_r27,4,27,Likelihood Ratio,"LEDD,PIGD_off,PIGD_on,SEADL",0.8887858007260993
k4_r28,4,28,Likelihood Ratio,"GDS,VFT_sem_sum,PIGD_on,HVLT_IR",0.8402581686163775
k4_r29,4,29,Likelihood Ratio,"HVLT_IR,AXSC_on,HY_on,GDS",0.8064945542557483
k4_r30,4,30,Likelihood Ratio,"UPDRS2,HY_off,MOCA,UPDRS3_off",0.9106897942718838
k4_r31,4,31,Likelihood Ratio,"GDS,AXSC_off,PIGD_on,UPDRS2",0.8977410246066961
k4_r32,4,32,Likelihood Ratio,"JLO,HY_off,UPDRS1,GDS",0.8794675272287212
k4_r33,4,33,Likelihood Ratio,"UPDRS2,GDS,ESS,UPDRS4",0.8855183541750706
k4_r34,4,34,Likelihood Ratio,"AXSC_off,VFT_phon_f,GDS,AXSC_on",0.8266236385639371
k4_r35,4,35,Likelihood Ratio,"UPDRS3_on,SDM,HY_off,MOCA",0.8242033077853973
k4_r36,4,36,Likelihood Ratio,"GDS,SDM,ESS,UPDRS2",0.8948769665187576
k4_r37,4,37,Likelihood Ratio,"VFT_sem_sum,SEADL,HVLT_IR,AXSC_off",0.8651472367890279
k4_r38,4,38,Likelihood Ratio,"SDM,ESS,MOCA,HVLT_DR",0.7664784187172247
k4_r39,4,39,Likelihood Ratio,"LEDD,GDS,AXSC_off,UPDRS1",0.8861234368697055
k4_r40,4,40,Likelihood Ratio,"AXSC_on,VFT_phon_f,ESS,HY_off",0.8331988705123033
k4_r41,4,41,Likelihood Ratio,"PIGD_on,RBDScr,HY_off,PIGD_off",0.8575231948366276
k4_r42,4,42,Likelihood Ratio,"HVLT_IR,RBDScr,HY_on,LNS",0.7711173860427591
k4_r43,4,43,Likelihood Ratio,"JLO,UPDRS2,ESS,UPDRS3_on",0.8950383219039935
k4_r44,4,44,Likelihood Ratio,"HY_off,UPDRS1,UPDRS4,JLO",0.8803146430012101
k4_r45,4,45,Likelihood Ratio,"HY_on,HVLT_DR,UPDRS2,SDM",0.9079870915691811
k4_r46,4,46,Likelihood Ratio,"GDS,PIGD_off,UPDRS3_off,HY_off",0.8426784993949175
k4_r47,4,47,Likelihood Ratio,"UPDRS2,SEADL,PIGD_off,AXSC_off",0.9023799919322307
k4_r48,4,48,Likelihood Ratio,"LEDD,JLO,SEADL,UPDRS3_off",0.8826542960871319
k4_r49,4,49,Likelihood Ratio,"LEDD,RBDScr,AXSC_off,VFT_phon_f",0.8040338846308995
k5_r0,5,0,Likelihood Ratio,"SCOPA,AXSC_off,UPDRS3_off,HVLT_DR,ESS",0.8603872529245664
k5_r1,5,1,Likelihood Ratio,"UPDRS3_off,ESS,PIGD_off,RBDScr,HY_off",0.8484066155707947
k5_r2,5,2,Likelihood Ratio,"UPDRS2,PIGD_on,JLO,UPDRS3_off,SEADL",0.9212182331585317
k5_r3,5,3,Likelihood Ratio,"MOCA,PIGD_on,SCOPA,AXSC_off,UPDRS3_off",0.8920935861234369
k5_r4,5,4,Likelihood Ratio,"UPDRS4,UPDRS3_off,HY_off,RBDScr,PIGD_on",0.8609519967728922
k5_r5,5,5,Likelihood Ratio,"UPDRS2,UPDRS3_off,UPDRS3_on,AXSC_on,SEADL",0.9051633723275514
k5_r6,5,6,Likelihood Ratio,"AXSC_off,SCOPA,MOCA,UPDRS3_on,HY_off",0.862888261395724
k5_r7,5,7,Likelihood Ratio,"PIGD_off,AXSC_on,AXSC_off,HY_off,ESS",0.8461073013311818
k5_r8,5,8,Likelihood Ratio,"JLO,UPDRS1,PIGD_on,HY_off,HVLT_IR",0.9058894715611133
k5_r9,5,9,Likelihood Ratio,"VFT_phon_f,UPDRS2,AXSC_on,AXSC_off,HY_on",0.8864864864864865
k5_r10,5,10,Likelihood Ratio,"SEADL,AXSC_off,UPDRS1,HVLT_IR,GDS",0.900322710770472
k5_r11,5,11,Likelihood Ratio,"MOCA,HVLT_IR,UPDRS3_off,LEDD,ESS",0.8300121016538927
k5_r12,5,12,Likelihood Ratio,"RBDScr,UPDRS4,UPDRS1,HY_on,VFT_phon_f",0.8830173457039129
k5_r13,5,13,Likelihood Ratio,"LEDD,MOCA,PIGD_off,HY_off,SDM",0.8457039128680919
k5_r14,5,14,Likelihood Ratio,"VFT_phon_f,HVLT_DR,LEDD,SCOPA,JLO",0.8129487696651876
k5_r15,5,15,Likelihood Ratio,"HVLT_IR,AXSC_on,ESS,UPDRS2,HVLT_DR",0.8989108511496571
k5_r16,5,16,Likelihood Ratio,"ESS,GDS,UPDRS2,UPDRS1,PIGD_on",0.9189995966115369
k5_r17,5,17,Likelihood Ratio,"VFT_phon_f,SDM,LNS,HY_on,SEADL",0.8696248487293263
k5_r18,5,18,Likelihood Ratio,"SEADL,PIGD_on,HY_on,SDM,UPDRS4",0.8885841064945543
k5_r19,5,19,Likelihood Ratio,"MOCA,UPDRS2,VFT_sem_sum,ESS,LNS",0.8894312222670432
k5_r20,5,20,Likelihood Ratio,"SEADL,SDM,HVLT_IR,ESS,GDS",0.854175070592981
k5_r21,5,21,Likelihood Ratio,"UPDRS4,HY_off,RBDScr,VFT_sem_sum,HVLT_IR",0.7991528842275112
k5_r22,5,22,Likelihood Ratio,"HY_on,HVLT_DR,AXSC_off,PIGD_off,JLO",0.8232755143202904
k5_r23,5,23,Likelihood Ratio,"VFT_sem_sum,HVLT_DR,SCOPA,AXSC_on,HY_off",0.8586123436869706
k5_r24,5,24,Likelihood Ratio,"UPDRS3_on,VFT_sem_sum,UPDRS3_off,UPDRS1,LNS",0.9049616780960065
k5_r25,5,25,Likelihood Ratio,"PIGD_on,JLO,LNS,UPDRS3_on,SCOPA",0.8766841468334007
k5_r26,5,26,Likelihood Ratio,"HY_off,UPDRS3_on,UPDRS3_off,PIGD_off,VFT_sem_sum",0.853691004437273
k5_r27,5,27,Likelihood Ratio,"UPDRS2,LEDD,SEADL,RBDScr,MOCA",0.9143202904396934
k5_r28,5,28,Likelihood Ratio,"UPDRS3_on,HVLT_DR,VFT_sem_sum,PIGD_on,GDS",0.8516740621218234
k5_r29,5,29,Likelihood Ratio,"AXSC_off,SDM,UPDRS2,HY_off,VFT_phon_f",0.8962888261395725
k5_r30,5,30,Likelihood Ratio,"UPDRS4,HVLT_IR,HVLT_DR,HY_on,SDM",0.7979427188382413
k5_r31,5,31,Likelihood Ratio,"HY_on,JLO,ESS,GDS,PIGD_off",0.8261395724082292
k5_r32,5,32,Likelihood Ratio,"HVLT_DR,VFT_sem_sum,JLO,PIGD_on,UPDRS2",0.9138362242839855
k5_r33,5,33,Likelihood Ratio,"UPDRS3_off,VFT_phon_f,HVLT_DR,SEADL,LEDD",0.8784590560709964
k5_r34,5,34,Likelihood Ratio,"SEADL,PIGD_on,UPDRS3_on,MOCA,AXSC_on",0.8869302137958854
k5_r35,5,35,Likelihood Ratio,"PIGD_on,JLO,HY_on,HVLT_IR,VFT_sem_sum",0.8368293666801129
k5_r36,5,36,Likelihood Ratio,"HY_on,JLO,AXSC_on,AXSC_off,SEADL",0.8597821702299314
k5_r37,5,37,Likelihood Ratio,"JLO,HY_off,VFT_phon_f,UPDRS3_on,HY_on",0.8049213392496974
k5_r38,5,38,Likelihood Ratio,"AXSC_off,AXSC_on,JLO,RBDScr,HVLT_DR",0.8194433239209359
k5_r39,5,39,Likelihood Ratio,"PIGD_off,SDM,VFT_phon_f,RBDScr,VFT_sem_sum",0.836627672448568
k5_r40,5,40,Likelihood Ratio,"GDS,AXSC_on,VFT_sem_sum,LEDD,HVLT_IR",0.8269866881807181
k5_r41,5,41,Likelihood Ratio,"VFT_phon_f,SDM,UPDRS4,JLO,AXSC_on",0.8520774505849132
k5_r42,5,42,Likelihood Ratio,"ESS,HY_on,MOCA,UPDRS3_off,JLO",0.845098830173457
k5_r43,5,43,Likelihood Ratio,"SCOPA,VFT_phon_f,PIGD_on,UPDRS3_off,HVLT_IR",0.8872529245663574
k5_r44,5,44,Likelihood Ratio,"SDM,PIGD_on,LEDD,GDS,AXSC_off",0.8599031867688585
k5_r45,5,45,Likelihood Ratio,"AXSC_off,HY_off,HVLT_DR,LEDD,SCOPA",0.8470754336425979
k5_r46,5,46,Likelihood Ratio,"UPDRS3_on,HY_on,UPDRS1,PIGD_off,HVLT_DR",0.9020976200080678
k5_r47,5,47,Likelihood Ratio,"LEDD,UPDRS1,ESS,VFT_phon_f,JLO",0.8858814037918515
k5_r48,5,48,Likelihood Ratio,"SDM,LNS,UPDRS3_off,HY_off,PIGD_off",0.8617587736990723
k5_r49,5,49,Likelihood Ratio,"HVLT_DR,GDS,HY_off,PIGD_on,LEDD",0.845945945945946
k6_r0,6,0,Likelihood Ratio,"UPDRS1,UPDRS4,AXSC_off,SEADL,UPDRS3_on,LNS",0.9112141992739008
k6_r1,6,1,Likelihood Ratio,"UPDRS3_on,MOCA,VFT_phon_f,AXSC_off,UPDRS3_off,PIGD_on",0.873215006050827
k6_r2,6,2,Likelihood Ratio,"SDM,AXSC_on,ESS,HY_off,SEADL,AXSC_off",0.8785800726099234
k6_r3,6,3,Likelihood Ratio,"UPDRS3_on,HY_off,MOCA,UPDRS1,LNS,PIGD_off",0.900524405002017
k6_r4,6,4,Likelihood Ratio,"AXSC_on,VFT_sem_sum,SEADL,UPDRS3_off,MOCA,HVLT_IR",0.8844695441710367
k6_r5,6,5,Likelihood Ratio,"MOCA,JLO,LEDD,PIGD_off,VFT_phon_f,PIGD_on",0.8610326744655104
k6_r6,6,6,Likelihood Ratio,"VFT_phon_f,HVLT_IR,SDM,SCOPA,UPDRS1,ESS",0.8943929003630496
k6_r7,6,7,Likelihood Ratio,"LEDD,UPDRS3_on,SDM,VFT_sem_sum,RBDScr,HY_on",0.8396530859217426
k6_r8,6,8,Likelihood Ratio,"SEADL,SDM,HVLT_DR,UPDRS2,UPDRS1,LNS",0.9268253327954821
k6_r9,6,9,Likelihood Ratio,"PIGD_on,MOCA,ESS,HVLT_DR,UPDRS3_on,LNS",0.8559499798305769
k6_r10,6,10,Likelihood Ratio,"UPDRS3_on,JLO,UPDRS3_off,UPDRS4,RBDScr,PIGD_off",0.8478418717224687
k6_r11,6,11,Likelihood Ratio,"VFT_phon_f,SCOPA,PIGD_off,LEDD,PIGD_on,GDS",0.8764824526018556
k6_r12,6,12,Likelihood Ratio,"SCOPA,LNS,MOCA,AXSC_off,JLO,LEDD",0.8579265832997176
k6_r13,6,13,Likelihood Ratio,"UPDRS3_off,HVLT_IR,ESS,SDM,SEADL,UPDRS4",0.8885841064945542
k6_r14,6,14,Likelihood Ratio,"LEDD,ESS,UPDRS3_off,PIGD_off,RBDScr,UPDRS2",0.8919725695845099
k6_r15,6,15,Likelihood Ratio,"AXSC_on,JLO,SEADL,HVLT_DR,VFT_phon_f,GDS",0.86385639370714
k6_r16,6,16,Likelihood Ratio,"ESS,HVLT_DR,JLO,UPDRS4,MOCA,AXSC_off",0.8308995562726905
k6_r17,6,17,Likelihood Ratio,"HY_on,SCOPA,GDS,HVLT_IR,JLO,PIGD_on",0.8536103267446551
k6_r18,6,18,Likelihood Ratio,"SCOPA,UPDRS3_on,UPDRS1,LEDD,SDM,UPDRS3_off",0.9228721258572005
k6_r19,6,19,Likelihood Ratio,"GDS,PIGD_on,SCOPA,HY_off,UPDRS3_on,VFT_sem_sum",0.8818475191609522
k6_r20,6,20,Likelihood Ratio,"RBDScr,UPDRS4,GDS,HY_on,SDM,VFT_phon_f",0.8324324324324324
k6_r21,6,21,Likelihood Ratio,"SCOPA,VFT_phon_f,PIGD_off,UPDRS1,UPDRS4,UPDRS3_off",0.9102057281161758
k6_r22,6,22,Likelihood Ratio,"SCOPA,ESS,UPDRS3_off,AXSC_on,JLO,VFT_phon_f",0.872932634126664
k6_r23,6,23,Likelihood Ratio,"LEDD,PIGD_on,MOCA,SCOPA,HVLT_IR,HVLT_DR",0.8602662363856394
k6_r24,6,24,Likelihood Ratio,"VFT_sem_sum,AXSC_on,HVLT_DR,UPDRS4,UPDRS3_on,LEDD",0.8332795482049213
k6_r25,6,25,Likelihood Ratio,"SCOPA,ESS,UPDRS2,UPDRS1,GDS,UPDRS3_off",0.9202097620008068
k6_r26,6,26,Likelihood Ratio,"SDM,HVLT_DR,UPDRS1,SCOPA,SEADL,UPDRS2",0.9296490520371118
k6_r27,6,27,Likelihood Ratio,"JLO,VFT_sem_sum,PIGD_off,HY_off,UPDRS3_off,SCOPA",0.8762000806776926
k6_r28,6,28,Likelihood Ratio,"AXSC_on,GDS,HY_on,ESS,SCOPA,MOCA",0.8586123436869706
k6_r29,6,29,Likelihood Ratio,"GDS,UPDRS2,AXSC_on,HY_off,RBDScr,UPDRS3_on",0.890601048810004
k6_r30,6,30,Likelihood Ratio,"HVLT_DR,UPDRS4,RBDScr,VFT_phon_f,MOCA,SEADL",0.8659943525615167
k6_r31,6,31,Likelihood Ratio,"HY_off,LNS,SCOPA,UPDRS3_off,LEDD,UPDRS2",0.9173457039128681
k6_r32,6,32,Likelihood Ratio,"UPDRS1,SDM,UPDRS2,PIGD_off,HY_off,SCOPA",0.9215409439290037
k6_r33,6,33,Likelihood Ratio,"HVLT_IR,AXSC_off,UPDRS2,JLO,UPDRS3_on,LEDD",0.8943525615167407
k6_r34,6,34,Likelihood Ratio,"PIGD_off,UPDRS2,HVLT_IR,HVLT_DR,VFT_phon_f,JLO",0.8933037515127067
k6_r35,6,35,Likelihood Ratio,"UPDRS2,UPDRS4,AXSC_off,SCOPA,JLO,VFT_sem_sum",0.9030657523194838
k6_r36,6,36,Likelihood Ratio,"UPDRS4,JLO,AXSC_on,UPDRS3_off,PIGD_on,SCOPA",0.8826542960871319
k6_r37,6,37,Likelihood Ratio,"HY_on,UPDRS4,GDS,PIGD_off,MOCA,SDM",0.8484872932634125
k6_r38,6,38,Likelihood Ratio,"JLO,HY_off,SEADL,VFT_sem_sum,AXSC_off,SCOPA",0.8863654699475595
k6_r39,6,39,Likelihood Ratio,"LNS,VFT_sem_sum,GDS,AXSC_on,UPDRS3_off,ESS",0.8576038725292456
k6_r40,6,40,Likelihood Ratio,"VFT_phon_f,UPDRS2,HY_on,AXSC_off,SEADL,SDM",0.9100847115772489
k6_r41,6,41,Likelihood Ratio,"UPDRS4,PIGD_on,PIGD_off,UPDRS2,SDM,LEDD",0.9075433642597821
k6_r42,6,42,Likelihood Ratio,"PIGD_off,SEADL,GDS,HY_on,VFT_phon_f,SDM",0.8723678902783382
k6_r43,6,43,Likelihood Ratio,"LEDD,HVLT_DR,HY_on,JLO,PIGD_on,SDM",0.8415490116982656
k6_r44,6,44,Likelihood Ratio,"UPDRS3_off,MOCA,HY_on,HY_off,UPDRS1,HVLT_DR",0.9052843888664784
k6_r45,6,45,Likelihood Ratio,"LNS,AXSC_on,HY_on,PIGD_off,AXSC_off,GDS",0.8395320693828157
k6_r46,6,46,Likelihood Ratio,"VFT_sem_sum,HVLT_IR,VFT_phon_f,PIGD_on,JLO,SCOPA",0.8635336829366681
k6_r47,6,47,Likelihood Ratio,"UPDRS3_on,LEDD,GDS,VFT_phon_f,RBDScr,UPDRS4",0.8215006050826946
k6_r48,6,48,Likelihood Ratio,"GDS,UPDRS3_on,RBDScr,SCOPA,SDM,UPDRS3_off",0.8665994352561517
k6_r49,6,49,Likelihood Ratio,"RBDScr,AXSC_on,HVLT_DR,SEADL,SCOPA,HVLT_IR",0.8813634530052441
k7_r0,7,0,Likelihood Ratio,"UPDRS3_off,PIGD_off,VFT_phon_f,GDS,UPDRS1,UPDRS3_on,MOCA",0.9013311819281968
k7_r1,7,1,Likelihood Ratio,"VFT_phon_f,UPDRS2,RBDScr,MOCA,HY_on,ESS,UPDRS1",0.9137555465913675
k7_r2,7,2,Likelihood Ratio,"AXSC_on,ESS,LNS,PIGD_on,SDM,HVLT_IR,UPDRS3_on",0.8536910044372731
k7_r3,7,3,Likelihood Ratio,"LNS,AXSC_on,GDS,VFT_sem_sum,SEADL,HY_on,UPDRS1",0.9041145623235176
k7_r4,7,4,Likelihood Ratio,"LNS,UPDRS1,JLO,AXSC_off,UPDRS2,ESS,SDM",0.91766841468334
k7_r5,7,5,Likelihood Ratio,"MOCA,UPDRS1,UPDRS3_off,RBDScr,SEADL,UPDRS3_on,HY_on",0.918999596611537
k7_r6,7,6,Likelihood Ratio,"UPDRS4,PIGD_off,SEADL,JLO,LNS,MOCA,UPDRS1",0.9077047196450181
k7_r7,7,7,Likelihood Ratio,"HY_on,UPDRS4,UPDRS1,AXSC_on,PIGD_on,SDM,JLO",0.9048003227107705
k7_r8,7,8,Likelihood Ratio,"PIGD_off,ESS,UPDRS3_off,UPDRS4,UPDRS2,SCOPA,UPDRS3_on",0.9064138765631304
k7_r9,7,9,Likelihood Ratio,"VFT_sem_sum,HVLT_IR,LNS,GDS,AXSC_on,VFT_phon_f,HVLT_DR",0.8134328358208955
k7_r10,7,10,Likelihood Ratio,"HY_on,UPDRS2,LEDD,UPDRS3_on,VFT_phon_f,GDS,PIGD_off",0.8976603469140783
k7_r11,7,11,Likelihood Ratio,"GDS,PIGD_on,UPDRS1,RBDScr,UPDRS3_off,UPDRS2,LNS",0.9228721258572006
k7_r12,7,12,Likelihood Ratio,"VFT_sem_sum,JLO,UPDRS2,AXSC_on,UPDRS4,ESS,GDS",0.8965308592174265
k7_r13,7,13,Likelihood Ratio,"RBDScr,JLO,HY_off,SEADL,UPDRS1,AXSC_on,UPDRS3_on",0.9106091165792658
k7_r14,7,14,Likelihood Ratio,"UPDRS3_on,AXSC_on,MOCA,SEADL,JLO,HY_on,LEDD",0.87269060104881
k7_r15,7,15,Likelihood Ratio,"PIGD_on,ESS,HVLT_DR,UPDRS3_off,SCOPA,UPDRS3_on,PIGD_off",0.8876159741831383
k7_r16,7,16,Likelihood Ratio,"UPDRS2,SDM,HVLT_IR,ESS,LNS,HY_off,VFT_sem_sum",0.8944332392093586
k7_r17,7,17,Likelihood Ratio,"VFT_sem_sum,JLO,GDS,HVLT_IR,SDM,PIGD_off,UPDRS3_on",0.8396530859217428
k7_r18,7,18,Likelihood Ratio,"VFT_sem_sum,AXSC_off,HVLT_IR,HY_off,UPDRS3_off,ESS,RBDScr",0.8419120613150464
k7_r19,7,19,Likelihood Ratio,"SCOPA,VFT_sem_sum,SEADL,GDS,UPDRS2,JLO,LNS",0.9141589350544574
k7_r20,7,20,Likelihood Ratio,"JLO,SEADL,HVLT_IR,HY_off,UPDRS2,HVLT_DR,AXSC_off",0.9042759177087536
k7_r21,7,21,Likelihood Ratio,"VFT_sem_sum,ESS,UPDRS2,LNS,JLO,SCOPA,GDS",0.8959661153691004
k7_r22,7,22,Likelihood Ratio,"RBDScr,LEDD,SCOPA,PIGD_off,UPDRS3_off,JLO,AXSC_on",0.8768455022186366
k7_r23,7,23,Likelihood Ratio,"SDM,UPDRS2,SCOPA,UPDRS1,AXSC_off,UPDRS4,PIGD_off",0.9159338442920533
k7_r24,7,24,Likelihood Ratio,"HY_on,UPDRS4,AXSC_off,SEADL,JLO,LEDD,ESS",0.8649052037111739
k7_r25,7,25,Likelihood Ratio,"LEDD,UPDRS4,SCOPA,RBDScr,HY_on,JLO,UPDRS3_on",0.8489713594191206
k7_r26,7,26,Likelihood Ratio,"GDS,VFT_sem_sum,SDM,VFT_phon_f,ESS,LNS,AXSC_on",0.8354175070592981
k7_r27,7,27,Likelihood Ratio,"SEADL,LEDD,HY_on,SCOPA,ESS,HVLT_DR,VFT_sem_sum",0.8847922549415087
k7_r28,7,28,Likelihood Ratio,"AXSC_on,ESS,SCOPA,AXSC_off,PIGD_on,UPDRS3_off,GDS",0.8778943122226706
k7_r29,7,29,Likelihood Ratio,"VFT_phon_f,PIGD_off,SEADL,HY_off,SDM,HVLT_IR,MOCA",0.8661557079467527
k7_r30,7,30,Likelihood Ratio,"AXSC_on,PIGD_off,SEADL,LNS,SCOPA,UPDRS4,RBDScr",0.8954417103670835
k7_r31,7,31,Likelihood Ratio,"VFT_phon_f,HY_off,MOCA,SCOPA,UPDRS1,UPDRS2,AXSC_on",0.9225897539330375
k7_r32,7,32,Likelihood Ratio,"AXSC_on,LNS,UPDRS2,PIGD_on,UPDRS4,UPDRS3_off,SCOPA",0.9167002823719241
k7_r33,7,33,Likelihood Ratio,"UPDRS2,SDM,AXSC_off,PIGD_off,UPDRS3_on,AXSC_on,HVLT_IR",0.8897135941912062
k7_r34,7,34,Likelihood Ratio,"JLO,UPDRS4,UPDRS1,LNS,UPDRS2,AXSC_off,SDM",0.917507059298104
k7_r35,7,35,Likelihood Ratio,"GDS,SEADL,PIGD_off,ESS,LEDD,UPDRS3_off,JLO",0.8860427591770875
k7_r36,7,36,Likelihood Ratio,"ESS,RBDScr,UPDRS4,HVLT_DR,UPDRS1,AXSC_on,SCOPA",0.9013715207745059
k7_r37,7,37,Likelihood Ratio,"PIGD_on,SDM,SCOPA,ESS,AXSC_on,HY_off,PIGD_off",0.880879386849536
k7_r38,7,38,Likelihood Ratio,"SCOPA,UPDRS2,JLO,PIGD_on,MOCA,VFT_sem_sum,HY_off",0.9169826542960872
k7_r39,7,39,Likelihood Ratio,"UPDRS3_on,PIGD_on,HVLT_DR,LEDD,HVLT_IR,UPDRS1,SCOPA",0.9117386042759178
k7_r40,7,40,Likelihood Ratio,"LNS,SDM,RBDScr,HY_on,AXSC_on,UPDRS3_on,UPDRS3_off",0.8563533682936668
k7_r41,7,41,Likelihood Ratio,"VFT_sem_sum,SEADL,HVLT_DR,AXSC_off,UPDRS3_on,UPDRS1,PIGD_off",0.9033884630899557
k7_r42,7,42,Likelihood Ratio,"UPDRS4,HY_on,SCOPA,HVLT_IR,AXSC_off,SEADL,HVLT_DR",0.8732956837434449
k7_r43,7,43,Likelihood Ratio,"LEDD,AXSC_off,PIGD_on,UPDRS1,UPDRS2,HVLT_IR,SEADL",0.9233158531665995
k7_r44,7,44,Likelihood Ratio,"LEDD,UPDRS3_on,UPDRS2,PIGD_on,SDM,RBDScr,AXSC_on",0.9018555869302138
k7_r45,7,45,Likelihood Ratio,"VFT_sem_sum,HY_off,PIGD_on,UPDRS4,PIGD_off,AXSC_on,ESS",0.873255344897136
k7_r46,7,46,Likelihood Ratio,"VFT_phon_f,HY_on,UPDRS4,SDM,HVLT_IR,UPDRS3_off,JLO",0.855344897135942
k7_r47,7,47,Likelihood Ratio,"SDM,HVLT_DR,UPDRS3_off,LNS,AXSC_off,SCOPA,HVLT_IR",0.8573215006050826
k7_r48,7,48,Likelihood Ratio,"GDS,UPDRS2,LEDD,HY_on,HVLT_DR,SCOPA,LNS",0.9061718434852764
k7_r49,7,49,Likelihood Ratio,"HY_off,HVLT_IR,MOCA,UPDRS3_on,RBDScr,GDS,UPDRS3_off",0.846389673255345
k8_r0,8,0,Likelihood Ratio,"VFT_sem_sum,PIGD_off,GDS,AXSC_off,HY_off,UPDRS3_on,SEADL,VFT_phon_f",0.8720048406615571
k8_r1,8,1,Likelihood Ratio,"VFT_sem_sum,UPDRS4,UPDRS3_off,UPDRS1,PIGD_off,JLO,UPDRS2,MOCA",0.9206131504638967
k8_r2,8,2,Likelihood Ratio,"LNS,HVLT_DR,UPDRS3_on,SCOPA,HY_off,MOCA,UPDRS2,RBDScr",0.9065752319483663
k8_r3,8,3,Likelihood Ratio,"UPDRS3_off,HY_off,SEADL,PIGD_off,HY_on,UPDRS1,AXSC_off,UPDRS2",0.9182734973779751
k8_r4,8,4,Likelihood Ratio,"AXSC_off,SEADL,JLO,UPDRS1,UPDRS2,AXSC_on,GDS,HY_off",0.9143606292860023
k8_r5,8,5,Likelihood Ratio,"AXSC_off,MOCA,UPDRS3_on,HVLT_IR,GDS,AXSC_on,PIGD_on,LNS",0.8555062525211778
k8_r6,8,6,Likelihood Ratio,"AXSC_on,HY_on,VFT_phon_f,GDS,AXSC_off,SDM,MOCA,RBDScr",0.8438483259378781
k8_r7,8,7,Likelihood Ratio,"UPDRS3_on,LNS,SEADL,JLO,HVLT_IR,HY_on,HY_off,UPDRS3_off",0.8716417910447762
k8_r8,8,8,Likelihood Ratio,"PIGD_on,SDM,SCOPA,HY_on,RBDScr,AXSC_on,LNS,HVLT_DR",0.871399757966922
k8_r9,8,9,Likelihood Ratio,"RBDScr,UPDRS3_on,PIGD_off,PIGD_on,GDS,JLO,SCOPA,VFT_phon_f",0.8740621218233159
k8_r10,8,10,Likelihood Ratio,"AXSC_on,HVLT_DR,UPDRS4,SEADL,SCOPA,HVLT_IR,HY_on,HY_off",0.8807987091569182
k8_r11,8,11,Likelihood Ratio,"UPDRS3_on,AXSC_on,AXSC_off,HVLT_IR,PIGD_off,JLO,VFT_phon_f,UPDRS1",0.8864461476401775
k8_r12,8,12,Likelihood Ratio,"UPDRS3_on,HVLT_DR,LNS,HY_off,AXSC_off,LEDD,UPDRS3_off,HVLT_IR",0.8474384832593788
k8_r13,8,13,Likelihood Ratio,"PIGD_on,RBDScr,LEDD,VFT_sem_sum,UPDRS3_off,AXSC_on,PIGD_off,SEADL",0.8959257765227915
k8_r14,8,14,Likelihood Ratio,"UPDRS1,SDM,LEDD,VFT_sem_sum,HVLT_IR,UPDRS4,MOCA,RBDScr",0.872851956434046
k8_r15,8,15,Likelihood Ratio,"VFT_sem_sum,VFT_phon_f,LNS,UPDRS1,AXSC_off,HY_on,HVLT_IR,GDS",0.8766841468334006
k8_r16,8,16,Likelihood Ratio,"VFT_sem_sum,PIGD_off,AXSC_off,UPDRS2,LNS,ESS,JLO,HVLT_DR",0.8930617184348528
k8_r17,8,17,Likelihood Ratio,"UPDRS3_off,MOCA,JLO,GDS,UPDRS3_on,SCOPA,SEADL,AXSC_on",0.8905607099636951
k8_r18,8,18,Likelihood Ratio,"HVLT_IR,UPDRS3_on,HVLT_DR,UPDRS2,UPDRS1,SDM,RBDScr,HY_on",0.9165792658329972
k8_r19,8,19,Likelihood Ratio,"UPDRS1,UPDRS4,RBDScr,PIGD_off,GDS,UPDRS2,VFT_sem_sum,HVLT_IR",0.9047599838644614
k8_r20,8,20,Likelihood Ratio,"GDS,PIGD_on,PIGD_off,UPDRS3_on,SEADL,UPDRS4,JLO,HVLT_DR",0.8788221056877774
k8_r21,8,21,Likelihood Ratio,"PIGD_on,VFT_phon_f,MOCA,UPDRS3_off,AXSC_on,RBDScr,VFT_sem_sum,SEADL",0.8995159338442921
k8_r22,8,22,Likelihood Ratio,"PIGD_off,PIGD_on,HY_on,SEADL,UPDRS3_on,SCOPA,UPDRS1,MOCA",0.917991125453812
k8_r23,8,23,Likelihood Ratio,"SDM,LEDD,HVLT_DR,LNS,VFT_sem_sum,ESS,AXSC_off,HY_off",0.8477611940298507
k8_r24,8,24,Likelihood Ratio,"UPDRS1,PIGD_on,UPDRS2,VFT_phon_f,HY_off,PIGD_off,UPDRS4,MOCA",0.9186365469947559
k8_r25,8,25,Likelihood Ratio,"AXSC_on,SCOPA,SEADL,PIGD_on,RBDScr,JLO,AXSC_off,UPDRS1",0.9071399757966923
k8_r26,8,26,Likelihood Ratio,"PIGD_off,PIGD_on,VFT_sem_sum,RBDScr,ESS,JLO,VFT_phon_f,SEADL",0.8886647841871722
k8_r27,8,27,Likelihood Ratio,"LEDD,PIGD_off,SEADL,UPDRS4,VFT_sem_sum,ESS,UPDRS3_on,VFT_phon_f",0.890883420734167
k8_r28,8,28,Likelihood Ratio,"LNS,UPDRS4,HVLT_DR,HY_off,AXSC_off,MOCA,GDS,SEADL",0.8698265429608714
k8_r29,8,29,Likelihood Ratio,"JLO,UPDRS1,UPDRS4,UPDRS3_on,ESS,UPDRS2,HY_on,VFT_phon_f",0.918313836224284
k8_r30,8,30,Likelihood Ratio,"HVLT_IR,GDS,SDM,LEDD,AXSC_on,VFT_phon_f,HY_on,SEADL",0.8667204517950787
k8_r31,8,31,Likelihood Ratio,"GDS,UPDRS2,RBDScr,ESS,HY_on,HVLT_DR,AXSC_off,LNS",0.8922952803549818
k8_r32,8,32,Likelihood Ratio,"AXSC_on,AXSC_off,UPDRS2,VFT_phon_f,MOCA,HY_on,HVLT_IR,LEDD",0.890560709963695
k8_r33,8,33,Likelihood Ratio,"VFT_phon_f,PIGD_on,GDS,HVLT_IR,UPDRS3_on,UPDRS3_off,HVLT_DR,PIGD_off",0.8660346914078257
k8_r34,8,34,Likelihood Ratio,"LNS,MOCA,LEDD,AXSC_on,HY_off,UPDRS3_on,PIGD_on,JLO",0.8605082694634933
k8_r35,8,35,Likelihood Ratio,"VFT_phon_f,LNS,HY_on,VFT_sem_sum,PIGD_off,MOCA,HY_off,UPDRS3_on",0.8509479628882614
k8_r36,8,36,Likelihood Ratio,"LNS,HVLT_IR,UPDRS2,SDM,LEDD,RBDScr,HY_off,HY_on",0.8966518757563534
k8_r37,8,37,Likelihood Ratio,"HVLT_IR,HY_on,HVLT_DR,SCOPA,UPDRS3_on,LNS,JLO,ESS",0.8317466720451796
k8_r38,8,38,Likelihood Ratio,"SDM,UPDRS4,SCOPA,RBDScr,AXSC_off,LNS,GDS,UPDRS1",0.8975393303751513
k8_r39,8,39,Likelihood Ratio,"UPDRS2,SCOPA,HY_on,LNS,MOCA,VFT_phon_f,SEADL,UPDRS4",0.9164179104477611
k8_r40,8,40,Likelihood Ratio,"AXSC_on,LEDD,SEADL,HY_on,HVLT_DR,GDS,UPDRS2,RBDScr",0.9035094796288826
k8_r41,8,41,Likelihood Ratio,"SEADL,SDM,ESS,UPDRS2,VFT_phon_f,SCOPA,UPDRS3_on,HVLT_DR",0.918273497377975
k8_r42,8,42,Likelihood Ratio,"UPDRS4,PIGD_on,RBDScr,LNS,LEDD,MOCA,PIGD_off,SEADL",0.8937474788221057
k8_r43,8,43,Likelihood Ratio,"UPDRS3_off,JLO,SCOPA,LNS,GDS,UPDRS2,PIGD_on,PIGD_off",0.9140379185155305
k8_r44,8,44,Likelihood Ratio,"UPDRS3_on,HY_off,HVLT_DR,SDM,LNS,AXSC_on,SEADL,VFT_phon_f",0.8743041549011697
k8_r45,8,45,Likelihood Ratio,"HVLT_DR,LNS,VFT_sem_sum,SEADL,AXSC_off,AXSC_on,HY_on,HY_off",0.8686163775716015
k8_r46,8,46,Likelihood Ratio,"HVLT_IR,HVLT_DR,VFT_phon_f,SEADL,RBDScr,HY_off,LNS,PIGD_off",0.8677692617991126
k8_r47,8,47,Likelihood Ratio,"GDS,PIGD_on,UPDRS1,SDM,PIGD_off,UPDRS4,SEADL,AXSC_on",0.9072206534893102
k8_r48,8,48,Likelihood Ratio,"RBDScr,HVLT_IR,PIGD_on,LNS,HVLT_DR,SDM,LEDD,HY_on",0.8432029043969342
k8_r49,8,49,Likelihood Ratio,"AXSC_off,HY_on,LNS,UPDRS3_on,HY_off,LEDD,UPDRS3_off,SDM",0.8601452198467124
k9_r0,9,0,Likelihood Ratio,"ESS,UPDRS1,SEADL,PIGD_on,SCOPA,VFT_sem_sum,HY_off,AXSC_on,SDM",0.9190802743041548
k9_r1,9,1,Likelihood Ratio,"HY_on,SDM,LNS,RBDScr,MOCA,ESS,AXSC_on,JLO,PIGD_on",0.8514320290439693
k9_r2,9,2,Likelihood Ratio,"SCOPA,AXSC_on,VFT_sem_sum,UPDRS4,VFT_phon_f,ESS,GDS,UPDRS3_off,AXSC_off",0.8785397337636144
k9_r3,9,3,Likelihood Ratio,"HVLT_IR,UPDRS1,JLO,UPDRS2,RBDScr,ESS,PIGD_on,VFT_sem_sum,UPDRS4",0.919160951996773
k9_r4,9,4,Likelihood Ratio,"HY_on,UPDRS3_on,MOCA,JLO,LNS,UPDRS1,PIGD_on,ESS,UPDRS2",0.9229528035498186
k9_r5,9,5,Likelihood Ratio,"PIGD_off,RBDScr,MOCA,AXSC_on,UPDRS2,LNS,LEDD,VFT_sem_sum,UPDRS1",0.9168616377571601
k9_r6,9,6,Likelihood Ratio,"HVLT_IR,VFT_sem_sum,UPDRS3_off,PIGD_on,PIGD_off,UPDRS1,UPDRS4,ESS,MOCA",0.9114158935054457
k9_r7,9,7,Likelihood Ratio,"AXSC_off,UPDRS2,UPDRS3_off,MOCA,UPDRS3_on,VFT_phon_f,JLO,GDS,SEADL",0.9073416700282372
k9_r8,9,8,Likelihood Ratio,"UPDRS3_off,SDM,HY_off,SCOPA,HY_on,JLO,LNS,HVLT_DR,UPDRS1",0.9077450584913271
k9_r9,9,9,Likelihood Ratio,"LNS,LEDD,UPDRS4,GDS,UPDRS3_on,AXSC_off,HY_on,ESS,HVLT_IR",0.8524808390480032
k9_r10,9,10,Likelihood Ratio,"MOCA,UPDRS4,HY_off,PIGD_on,SDM,JLO,HVLT_DR,ESS,VFT_sem_sum",0.8678096006454216
k9_r11,9,11,Likelihood Ratio,"AXSC_off,MOCA,UPDRS4,AXSC_on,HY_on,LEDD,HVLT_IR,LNS,VFT_sem_sum",0.8556272690601049
k9_r12,9,12,Likelihood Ratio,"UPDRS3_on,HY_on,VFT_sem_sum,MOCA,GDS,HVLT_IR,AXSC_off,JLO,SCOPA",0.8568777732956837
k9_r13,9,13,Likelihood Ratio,"HVLT_IR,PIGD_off,JLO,PIGD_on,AXSC_off,LEDD,VFT_sem_sum,ESS,RBDScr",0.8605486083098024
k9_r14,9,14,Likelihood Ratio,"HY_on,LNS,PIGD_on,SDM,SEADL,AXSC_off,UPDRS3_off,VFT_phon_f,UPDRS4",0.8926986688180718
k9_r15,9,15,Likelihood Ratio,"LNS,PIGD_off,SDM,PIGD_on,UPDRS3_off,JLO,UPDRS3_on,VFT_phon_f,HY_off",0.873618394513917
k9_r16,9,16,Likelihood Ratio,"UPDRS4,HVLT_DR,PIGD_on,AXSC_off,HVLT_IR,AXSC_on,SEADL,VFT_phon_f,MOCA",0.882210568777733
k9_r17,9,17,Likelihood Ratio,"AXSC_off,SEADL,PIGD_off,ESS,HVLT_DR,UPDRS1,HVLT_IR,RBDScr,UPDRS3_on",0.9014925373134328
k9_r18,9,18,Likelihood Ratio,"UPDRS3_on,UPDRS2,SDM,SCOPA,HVLT_IR,PIGD_off,UPDRS1,HY_on,LEDD",0.9227511093182734
k9_r19,9,19,Likelihood Ratio,"AXSC_on,UPDRS4,MOCA,UPDRS3_on,PIGD_on,ESS,LEDD,VFT_phon_f,UPDRS1",0.910205728116176
k9_r20,9,20,Likelihood Ratio,"HVLT_IR,UPDRS3_on,UPDRS3_off,VFT_sem_sum,VFT_phon_f,RBDScr,PIGD_on,SEADL,JLO",0.890601048810004
k9_r21,9,21,Likelihood Ratio,"AXSC_off,MOCA,LNS,PIGD_off,SCOPA,GDS,VFT_phon_f,UPDRS2,UPDRS3_on",0.9004437273093989
k9_r22,9,22,Likelihood Ratio,"GDS,HY_off,PIGD_off,UPDRS3_on,HY_on,MOCA,HVLT_IR,ESS,AXSC_off",0.8507462686567163
k9_r23,9,23,Likelihood Ratio,"VFT_sem_sum,HVLT_IR,RBDScr,MOCA,GDS,UPDRS4,HY_on,SEADL,SCOPA",0.8775716014521985
k9_r24,9,24,Likelihood Ratio,"HY_on,AXSC_off,GDS,PIGD_off,HVLT_IR,UPDRS3_on,VFT_sem_sum,LEDD,JLO",0.8487293263412666
k9_r25,9,25,Likelihood Ratio,"HY_on,JLO,ESS,VFT_sem_sum,HVLT_IR,UPDRS4,UPDRS3_off,HY_off,AXSC_on",0.8653489310205728
k9_r26,9,26,Likelihood Ratio,"LNS,UPDRS2,ESS,PIGD_on,AXSC_off,JLO,HY_on,VFT_sem_sum,SEADL",0.9121016538926987
k9_r27,9,27,Likelihood Ratio,"PIGD_off,UPDRS4,ESS,HVLT_DR,AXSC_off,LNS,SDM,VFT_sem_sum,AXSC_on",0.8655506252521178
k9_r28,9,28,Likelihood Ratio,"VFT_sem_sum,PIGD_off,SDM,LEDD,GDS,UPDRS3_off,UPDRS4,SCOPA,JLO",0.8855990318676886
k9_r29,9,29,Likelihood Ratio,"LNS,LEDD,RBDScr,PIGD_on,MOCA,SCOPA,HY_on,UPDRS2,HVLT_IR",0.9077853973376362
k9_r30,9,30,Likelihood Ratio,"HY_on,UPDRS4,LEDD,SCOPA,GDS,LNS,PIGD_off,PIGD_on,SEADL",0.8916095199677289
k9_r31,9,31,Likelihood Ratio,"MOCA,LNS,HVLT_IR,PIGD_on,SCOPA,ESS,RBDScr,AXSC_off,SDM",0.8679306171843485
k9_r32,9,32,Likelihood Ratio,"PIGD_off,PIGD_on,HY_on,GDS,JLO,AXSC_on,LEDD,UPDRS4,LNS",0.856030657523195
k9_r33,9,33,Likelihood Ratio,"HY_on,PIGD_off,VFT_sem_sum,SDM,GDS,LNS,LEDD,HVLT_IR,AXSC_on",0.8529245663574021
k9_r34,9,34,Likelihood Ratio,"UPDRS1,ESS,UPDRS4,LNS,PIGD_on,LEDD,UPDRS3_on,JLO,HY_off",0.9116579265832998
k9_r35,9,35,Likelihood Ratio,"HVLT_IR,UPDRS3_off,PIGD_on,PIGD_off,UPDRS3_on,AXSC_on,LEDD,JLO,UPDRS4",0.8732553448971359
k9_r36,9,36,Likelihood Ratio,"UPDRS2,AXSC_off,HY_on,SDM,PIGD_on,UPDRS3_on,RBDScr,VFT_phon_f,HVLT_DR",0.8978620411456232
k9_r37,9,37,Likelihood Ratio,"AXSC_on,UPDRS1,JLO,HY_off,PIGD_on,UPDRS2,ESS,UPDRS4,SDM",0.9224687373941105
k9_r38,9,38,Likelihood Ratio,"UPDRS4,HVLT_IR,UPDRS3_on,SEADL,LNS,SCOPA,JLO,SDM,UPDRS1",0.9152884227511093
k9_r39,9,39,Likelihood Ratio,"HVLT_DR,SDM,HY_off,VFT_sem_sum,UPDRS4,UPDRS1,HY_on,AXSC_on,UPDRS3_on",0.9003227107704719
k9_r40,9,40,Likelihood Ratio,"SDM,LEDD,VFT_phon_f,PIGD_on,UPDRS4,VFT_sem_sum,UPDRS3_on,UPDRS2,GDS",0.9103267446551029
k9_r41,9,41,Likelihood Ratio,"HY_on,AXSC_on,UPDRS3_off,VFT_sem_sum,LEDD,HVLT_DR,MOCA,PIGD_off,ESS",0.8759177087535297
k9_r42,9,42,Likelihood Ratio,"ESS,UPDRS3_on,SDM,AXSC_off,JLO,HVLT_IR,PIGD_off,PIGD_on,HY_off",0.8608713190802743
k9_r43,9,43,Likelihood Ratio,"HVLT_IR,UPDRS2,LEDD,GDS,UPDRS3_on,HVLT_DR,VFT_sem_sum,JLO,HY_on",0.8901976603469142
k9_r44,9,44,Likelihood Ratio,"UPDRS4,ESS,LEDD,RBDScr,SEADL,VFT_sem_sum,UPDRS2,HY_off,JLO",0.909681323114159
k9_r45,9,45,Likelihood Ratio,"PIGD_on,HVLT_DR,HY_on,SCOPA,UPDRS4,UPDRS1,HVLT_IR,VFT_sem_sum,SDM",0.9063331988705122
k9_r46,9,46,Likelihood Ratio,"UPDRS3_on,PIGD_off,HY_off,HVLT_DR,AXSC_off,SCOPA,GDS,HVLT_IR,VFT_phon_f",0.8531262605889471
k9_r47,9,47,Likelihood Ratio,"VFT_phon_f,PIGD_on,SCOPA,LEDD,UPDRS3_off,HY_on,HY_off,LNS,MOCA",0.8871319080274305
k9_r48,9,48,Likelihood Ratio,"HVLT_IR,UPDRS4,SCOPA,UPDRS3_on,UPDRS2,PIGD_off,JLO,HVLT_DR,UPDRS1",0.91968535699879
k9_r49,9,49,Likelihood Ratio,"HVLT_IR,JLO,RBDScr,SCOPA,HY_off,GDS,UPDRS3_off,UPDRS4,LNS",0.862888261395724
k10_r0,10,0,Likelihood Ratio,"UPDRS4,JLO,HVLT_IR,AXSC_off,SDM,UPDRS3_off,SEADL,RBDScr,MOCA,SCOPA",0.8935457845905607
k10_r1,10,1,Likelihood Ratio,"SEADL,HY_off,UPDRS3_on,UPDRS3_off,LEDD,AXSC_off,SCOPA,SDM,GDS,ESS",0.8937878176684146
k10_r2,10,2,Likelihood Ratio,"JLO,GDS,VFT_phon_f,RBDScr,UPDRS2,HY_off,PIGD_on,SEADL,UPDRS3_off,HVLT_IR",0.9108108108108108
k10_r3,10,3,Likelihood Ratio,"SCOPA,UPDRS3_off,MOCA,HVLT_DR,VFT_phon_f,PIGD_on,UPDRS2,JLO,LEDD,LNS",0.9171843485276321
k10_r4,10,4,Likelihood Ratio,"GDS,HY_off,UPDRS3_on,UPDRS3_off,PIGD_off,AXSC_on,LNS,HVLT_DR,VFT_phon_f,LEDD",0.8649455425574829
k10_r5,10,5,Likelihood Ratio,"AXSC_on,SCOPA,HY_off,GDS,PIGD_off,UPDRS4,MOCA,SEADL,HVLT_DR,RBDScr",0.8923356192012908
k10_r6,10,6,Likelihood Ratio,"HVLT_IR,HVLT_DR,HY_off,LEDD,PIGD_on,SCOPA,SDM,LNS,UPDRS2,VFT_sem_sum",0.91004437273094
k10_r7,10,7,Likelihood Ratio,"AXSC_on,UPDRS3_off,VFT_sem_sum,LNS,UPDRS4,AXSC_off,VFT_phon_f,MOCA,PIGD_off,JLO",0.8746672045179508
k10_r8,10,8,Likelihood Ratio,"LEDD,SEADL,MOCA,JLO,UPDRS1,HY_on,UPDRS2,AXSC_on,UPDRS4,AXSC_off",0.9221056877773296
k10_r9,10,9,Likelihood Ratio,"JLO,AXSC_off,RBDScr,UPDRS3_off,UPDRS2,LNS,SDM,VFT_phon_f,PIGD_off,UPDRS3_on",0.8951996772892296
k10_r10,10,10,Likelihood Ratio,"PIGD_off,PIGD_on,MOCA,VFT_phon_f,UPDRS4,SCOPA,SDM,ESS,UPDRS3_off,RBDScr",0.8979427188382413
k10_r11,10,11,Likelihood Ratio,"HY_on,UPDRS3_on,ESS,MOCA,UPDRS3_off,UPDRS2,PIGD_on,SEADL,LNS,HVLT_IR",0.9155304558289633
k10_r12,10,12,Likelihood Ratio,"SDM,UPDRS2,VFT_phon_f,HY_on,PIGD_off,GDS,UPDRS1,HVLT_DR,LNS,ESS",0.909277934651069
k10_r13,10,13,Likelihood Ratio,"AXSC_off,PIGD_on,UPDRS3_on,HVLT_IR,UPDRS3_off,UPDRS1,MOCA,JLO,LEDD,SEADL",0.9165389269866882
k10_r14,10,14,Likelihood Ratio,"SCOPA,JLO,HY_on,LEDD,VFT_phon_f,RBDScr,VFT_sem_sum,SEADL,UPDRS3_off,GDS",0.891044776119403
k10_r15,10,15,Likelihood Ratio,"VFT_sem_sum,GDS,ESS,VFT_phon_f,SDM,MOCA,LEDD,HVLT_IR,SCOPA,UPDRS3_on",0.8490923759580475
k10_r16,10,16,Likelihood Ratio,"HVLT_DR,UPDRS4,UPDRS3_off,JLO,HY_on,LEDD,RBDScr,SDM,AXSC_off,PIGD_off",0.8622831787010892
k10_r17,10,17,Likelihood Ratio,"UPDRS1,AXSC_on,PIGD_on,VFT_sem_sum,PIGD_off,JLO,MOCA,LNS,SCOPA,UPDRS2",0.9205324727712787
k10_r18,10,18,Likelihood Ratio,"UPDRS1,SEADL,MOCA,PIGD_off,UPDRS3_off,UPDRS3_on,PIGD_on,VFT_phon_f,GDS,AXSC_off",0.9105284388866478
k10_r19,10,19,Likelihood Ratio,"VFT_phon_f,HY_off,UPDRS1,LNS,MOCA,PIGD_off,HVLT_IR,AXSC_off,UPDRS2,LEDD",0.9070189592577653
k10_r20,10,20,Likelihood Ratio,"ESS,PIGD_on,SDM,UPDRS3_on,HY_off,HVLT_DR,LNS,AXSC_on,RBDScr,UPDRS1",0.9047599838644614
k10_r21,10,21,Likelihood Ratio,"HVLT_IR,HY_off,UPDRS1,UPDRS3_off,JLO,VFT_phon_f,AXSC_on,UPDRS4,SDM,UPDRS3_on",0.908511496571198
k10_r22,10,22,Likelihood Ratio,"LEDD,AXSC_off,ESS,HVLT_IR,SDM,UPDRS1,RBDScr,HY_off,VFT_phon_f,GDS",0.8827753126260589
k10_r23,10,23,Likelihood Ratio,"HVLT_DR,RBDScr,UPDRS4,SDM,MOCA,LNS,AXSC_on,SEADL,SCOPA,UPDRS2",0.9148043565954014
k10_r24,10,24,Likelihood Ratio,"PIGD_on,VFT_phon_f,MOCA,HY_on,UPDRS1,PIGD_off,AXSC_on,VFT_sem_sum,UPDRS4,AXSC_off",0.8957240822912464
k10_r25,10,25,Likelihood Ratio,"AXSC_off,UPDRS3_off,LNS,HVLT_DR,UPDRS3_on,UPDRS1,HY_off,LEDD,RBDScr,PIGD_off",0.8965308592174264
k10_r26,10,26,Likelihood Ratio,"VFT_sem_sum,RBDScr,AXSC_off,JLO,HY_off,AXSC_on,UPDRS3_off,UPDRS1,HVLT_IR,ESS",0.8960467930617184
k10_r27,10,27,Likelihood Ratio,"SCOPA,JLO,ESS,SDM,PIGD_off,SEADL,UPDRS2,HVLT_IR,UPDRS4,UPDRS1",0.9232755143202904
k10_r28,10,28,Likelihood Ratio,"ESS,HVLT_IR,VFT_sem_sum,HVLT_DR,HY_off,SCOPA,UPDRS3_off,UPDRS4,JLO,UPDRS1",0.9017749092375957
k10_r29,10,29,Likelihood Ratio,"SEADL,VFT_sem_sum,GDS,PIGD_off,MOCA,JLO,UPDRS1,VFT_phon_f,ESS,UPDRS4",0.8987898346107301
k10_r30,10,30,Likelihood Ratio,"LNS,UPDRS4,UPDRS3_off,RBDScr,UPDRS3_on,VFT_phon_f,LEDD,AXSC_off,SDM,HY_off",0.8692617991125454
k10_r31,10,31,Likelihood Ratio,"LNS,PIGD_off,GDS,UPDRS3_on,SDM,HY_off,RBDScr,HY_on,AXSC_off,UPDRS3_off",0.8652682533279548
k10_r32,10,32,Likelihood Ratio,"LEDD,SDM,RBDScr,GDS,PIGD_on,LNS,UPDRS2,SCOPA,HVLT_DR,AXSC_on",0.9068172650262203
k10_r33,10,33,Likelihood Ratio,"ESS,HVLT_DR,GDS,SCOPA,UPDRS2,PIGD_on,HY_on,SDM,VFT_phon_f,UPDRS3_on",0.9090762404195241
k10_r34,10,34,Likelihood Ratio,"AXSC_on,UPDRS3_on,PIGD_off,GDS,UPDRS3_off,HY_off,MOCA,HVLT_DR,LEDD,HY_on",0.8678096006454216
k10_r35,10,35,Likelihood Ratio,"SEADL,AXSC_off,HVLT_IR,HY_on,LEDD,RBDScr,UPDRS3_on,PIGD_on,LNS,UPDRS2",0.9059298104074223
k10_r36,10,36,Likelihood Ratio,"GDS,AXSC_on,SCOPA,JLO,ESS,VFT_sem_sum,RBDScr,LNS,UPDRS3_on,MOCA",0.8589753933037516
k10_r37,10,37,Likelihood Ratio,"LEDD,ESS,SEADL,UPDRS1,VFT_phon_f,JLO,PIGD_off,UPDRS2,AXSC_off,VFT_sem_sum",0.917466720451795
k10_r38,10,38,Likelihood Ratio,"UPDRS3_on,SCOPA,SEADL,HY_off,UPDRS1,SDM,UPDRS4,PIGD_off,PIGD_on,UPDRS3_off",0.9217829770068576
k10_r39,10,39,Likelihood Ratio,"SEADL,LEDD,JLO,RBDScr,UPDRS4,LNS,UPDRS2,UPDRS1,HY_off,VFT_sem_sum",0.9212182331585317
k10_r40,10,40,Likelihood Ratio,"VFT_sem_sum,SDM,UPDRS4,UPDRS2,GDS,VFT_phon_f,HVLT_IR,RBDScr,AXSC_on,SCOPA",0.9027027027027027
k10_r41,10,41,Likelihood Ratio,"PIGD_off,GDS,UPDRS3_on,UPDRS4,AXSC_off,MOCA,UPDRS2,RBDScr,HVLT_DR,PIGD_on",0.900121016538927
k10_r42,10,42,Likelihood Ratio,"LEDD,ESS,SEADL,AXSC_on,JLO,PIGD_off,UPDRS3_on,UPDRS1,PIGD_on,HY_off",0.908955223880597
k10_r43,10,43,Likelihood Ratio,"SEADL,VFT_sem_sum,UPDRS2,MOCA,UPDRS4,UPDRS3_on,HVLT_IR,GDS,PIGD_on,AXSC_on",0.9098426784993949
k10_r44,10,44,Likelihood Ratio,"VFT_phon_f,HVLT_DR,ESS,VFT_sem_sum,AXSC_off,SCOPA,HY_off,UPDRS3_on,HVLT_IR,GDS",0.8558693021379589
k10_r45,10,45,Likelihood Ratio,"GDS,UPDRS3_off,LEDD,HVLT_DR,HVLT_IR,SEADL,AXSC_on,SDM,VFT_sem_sum,UPDRS4",0.8869302137958854
k10_r46,10,46,Likelihood Ratio,"MOCA,PIGD_off,UPDRS3_off,RBDScr,PIGD_on,UPDRS3_on,UPDRS2,HY_off,UPDRS4,HVLT_DR",0.9099636950383219
k10_r47,10,47,Likelihood Ratio,"JLO,MOCA,LNS,UPDRS3_on,VFT_sem_sum,HY_on,ESS,AXSC_on,RBDScr,UPDRS3_off",0.8597821702299314
k10_r48,10,48,Likelihood Ratio,"UPDRS4,HY_on,UPDRS2,AXSC_off,SEADL,UPDRS1,RBDScr,VFT_phon_f,UPDRS3_off,PIGD_off",0.9148446954417104
k10_r49,10,49,Likelihood Ratio,"HY_off,SEADL,RBDScr,PIGD_on,AXSC_off,UPDRS2,ESS,UPDRS3_on,GDS,PIGD_off",0.900605082694635
